Duty Date,Duty Category,Duty Type
2011-01-01,REST,REST
2011-01-02,REST,REST
2011-01-03,REST,REST
2011-01-04,OFF,XX
2011-01-05,OFF,XX
2011-01-06,OFF,XXC
2011-01-07,OFF,XXC
2011-01-08,OFF,XXC
2011-01-09,OFF,XXC
2011-01-10,OFF,XXC
2011-01-11,OFF,XXC
2011-01-12,OFF,XXC
2011-01-13,OFF,XXC
2011-01-14,OFF,XXC
2011-01-15,OFF,XXC
2011-01-16,OFF,XXC
2011-01-17,OFF,XXC
2011-01-18,OFF,XXC
2011-01-21,OFF,XX
2011-01-22,OFF,XX
2011-01-25,REST,REST
2011-01-29,OFF,XX
2011-02-02,OFF,XX
2011-02-03,OFF,XX
2011-02-10,OFF,XX
2011-02-14,OFF,XX
2011-02-15,OFF,XX
2011-02-22,OFF,XX
2011-02-26,OFF,XX
2011-02-27,OFF,XX
2011-03-03,SBY,S22
2011-03-05,OFF,XXR
2011-03-06,SBY,SA1600
2011-03-07,REST,REST
2011-03-11,OFF,XX
2011-03-12,OFF,XX
2011-03-13,REST,REST
2011-03-14,SBY,S04
2011-03-17,OFF,XXR
2011-03-18,OFF,XXR
2011-03-19,SBY,S22
2011-03-22,SBY,S04
2011-03-25,OFF,XX
2011-03-26,OFF,XX
2011-03-27,SBY,S22
2011-03-29,OFF,XXR
2011-04-02,OFF,XXR
2011-04-03,OFF,XX
2011-04-04,REST,REST
2011-04-05,SBY,S04
2011-04-06,OFF,XX
2011-04-07,OFF,XX
2011-04-08,OFF,XX
2011-04-09,REST,REST
2011-04-15,OFF,XX
2011-04-16,OFF,XX
2011-04-17,REST,REST
2011-04-18,SBY,SA0200
2011-04-24,OFF,XX
2011-04-25,REST,REST
2011-04-28,OFF,XX
2011-04-29,OFF,XX
2011-04-30,OFF,XX
2011-05-04,OFF,XX
2011-05-05,REST,REST
2011-05-09,OFF,XX
2011-05-10,OFF,XX
2011-05-14,OFF,XX
2011-05-15,OFF,XX
2011-05-16,OFF,XX
2011-05-23,OFF,XX
2011-05-24,OFF,XX
2011-05-25,TRG,GT
2011-05-26,REST,REST
2011-05-29,OFF,XX
2011-05-31,OFF,XX
2011-06-01,OFF,XX
2011-06-02,OFF,XX
2011-06-09,OFF,XX
2011-06-10,LVE,LV
2011-06-11,LVE,LV
2011-06-12,LVE,LV
2011-06-13,LVE,LV
2011-06-14,LVE,LV
2011-06-15,LVE,LV
2011-06-16,LVE,LV
2011-06-17,LVE,LV
2011-06-18,LVE,LV
2011-06-19,LVE,LV
2011-06-20,LVE,LV
2011-06-21,LVE,LV
2011-06-22,OFF,XX
2011-06-29,OFF,XX
2011-06-30,REST,REST
2011-07-05,OFF,XX
2011-07-06,OFF,XX
2011-07-10,REST,REST
2011-07-12,OFF,XX
2011-07-16,OFF,XX
2011-07-17,OFF,XX
2011-07-19,OFF,XX
2011-07-23,OFF,XX
2011-07-29,OFF,XX
2011-07-30,OFF,XX
2011-08-08,OFF,XX
2011-08-09,OFF,XX
2011-08-11,OFF,XX
2011-08-13,OFF,XX
2011-08-17,OFF,XX
2011-08-18,LVE,LV
2011-08-19,LVE,LV
2011-08-20,LVE,LV
2011-08-21,LVE,LV
2011-08-22,LVE,LV
2011-08-23,OFF,XX
2011-08-30,OFF,XX
2011-08-31,OFF,XX
2011-09-01,SCK,SK
2011-09-02,REST,REST
2011-09-03,OFF,XX
2011-09-04,TRG,380B
2011-09-05,TRG,380B
2011-09-06,TRG,380B
2011-09-07,TRG,380B
2011-09-08,TRG,380B
2011-09-09,OFF,XX
2011-09-10,OFF,XX
2011-09-11,TRG,380B
2011-09-12,TRG,380B
2011-09-13,TRG,380B
2011-09-14,TRG,380B
2011-09-15,TRG,380B
2011-09-16,OFF,XX
2011-09-17,OFF,XX
2011-09-18,OFF,XX
2011-09-19,OFF,XX
2011-09-20,OFF,XXC
2011-09-21,OFF,XXC
2011-09-22,OFF,XX
2011-09-26,OFF,XXR
2011-09-27,GRD,UV
2011-09-28,OFF,XXV
2011-09-29,OFF,XXR
2011-09-30,OFF,XXR
2011-10-01,OFF,XX
2011-10-02,OFF,XX
2011-10-08,OFF,XX
2011-10-15,OFF,XX
2011-10-16,OFF,XX
2011-10-17,REST,REST
2011-10-21,OFF,XX
2011-10-22,REST,REST
2011-10-26,OFF,XX
2011-10-27,OFF,XX
2011-10-28,OFF,XX
2011-10-29,LVE,LV
2011-10-30,LVE,LV
2011-10-31,LVE,LV
2011-11-01,LVE,LV
2011-11-02,LVE,LV
2011-11-03,OFF,XX
2011-11-07,OFF,XXR
2011-11-08,OFF,XX
2011-11-09,REST,REST
2011-11-13,OFF,XX
2011-11-14,OFF,XX
2011-11-18,OFF,XX
2011-11-19,OFF,XX
2011-11-20,SCK,SK
2011-11-21,REST,REST
2011-11-22,SBY,SA0200
2011-11-23,REST,REST
2011-11-27,OFF,XX
2011-11-28,OFF,XX
2011-11-29,OFF,XX
2011-11-30,LVE,LV
2011-12-01,LVE,LV
2011-12-02,LVE,LV
2011-12-03,LVE,LV
2011-12-04,LVE,LV
2011-12-05,LVE,LV
2011-12-06,LVE,LV
2011-12-07,LVE,LV
2011-12-08,LVE,LV
2011-12-09,LVE,LV
2011-12-10,LVE,LV
2011-12-11,LVE,LV
2011-12-12,OFF,XX
2011-12-13,REST,REST
2011-12-20,OFF,XX
2011-12-21,OFF,XX
2011-12-22,OFF,XX
2011-12-23,OFF,XX
2011-12-24,REST,REST
2011-12-27,REST,REST
2011-12-30,OFF,XX
2011-12-31,OFF,XX
2012-01-01,OFF,XX
2012-01-02,OFF,XX
2012-01-09,OFF,XX
2012-01-13,OFF,XX
2012-01-14,OFF,XX
2012-01-15,OFF,XX
2012-01-16,LVE,LV
2012-01-17,LVE,LV
2012-01-18,LVE,LV
2012-01-19,LVE,LV
2012-01-20,LVE,LV
2012-01-21,OFF,XX
2012-01-22,REST,REST
2012-01-26,OFF,XX
2012-01-27,REST,REST
2012-01-31,OFF,XX
2012-02-01,OFF,XX
2012-02-08,OFF,XX
2012-02-12,OFF,XX
2012-02-13,OFF,XX
2012-02-14,OFF,XX
2012-02-15,OFF,XX
2012-02-16,LVE,LV
2012-02-17,LVE,LV
2012-02-18,LVE,LV
2012-02-19,LVE,LV
2012-02-20,LVE,LV
2012-02-21,LVE,LV
2012-02-22,LVE,LV
2012-02-23,OFF,XX
2012-02-24,OFF,XX
2012-02-25,OFF,XX
2012-02-26,OFF,XX
2012-03-01,OFF,XX
2012-03-02,OFF,XX
2012-03-06,REST,REST
2012-03-10,OFF,XX
2012-03-11,OFF,XX
2012-03-15,OFF,XX
2012-03-16,OFF,XX
2012-03-17,OFF,XX
2012-03-21,REST,REST
2012-03-25,OFF,XX
2012-03-26,OFF,XX
2012-03-27,OFF,XXR
2012-04-01,OFF,XX
2012-04-02,OFF,XX
2012-04-03,OFF,XX
2012-04-10,OFF,XX
2012-04-11,OFF,XX
2012-04-19,OFF,XX
2012-04-20,OFF,XX
2012-04-27,OFF,XX
2012-04-28,OFF,XX
2012-04-29,OFF,XXR
2012-04-30,ABS,AB
2012-05-01,REST,REST
2012-05-02,SBY,S23
2012-05-06,OFF,XXR
2012-05-07,OFF,XXR
2012-05-08,OFF,XXR
2012-05-09,OFF,XXR
2012-05-10,OFF,XXR
2012-05-14,OFF,XX
2012-05-15,LVE,LV
2012-05-16,LVE,LV
2012-05-17,LVE,LV
2012-05-18,LVE,LV
2012-05-19,LVE,LV
2012-05-20,LVE,LV
2012-05-21,LVE,LV
2012-05-22,LVE,LV
2012-05-23,LVE,LV
2012-05-24,LVE,LV
2012-05-25,LVE,LV
2012-05-26,LVE,LV
2012-05-27,LVE,LV
2012-05-28,LVE,LV
2012-05-29,LVE,LV
2012-05-30,OFF,XX
2012-05-31,OFF,XXR
2012-06-01,OFF,XXR
2012-06-02,OFF,XXR
2012-06-03,OFF,XXR
2012-06-04,OFF,XX
2012-06-05,OFF,XX
2012-06-06,OFF,XX
2012-06-07,TRG,3877A
2012-06-08,TRG,3877A
2012-06-09,TRG,3877A
2012-06-10,TRG,3877A
2012-06-11,TRG,3877A
2012-06-12,OFF,XX
2012-06-13,OFF,XX
2012-06-17,OFF,XX
2012-06-18,OFF,XX
2012-06-19,SBY,SBU
2012-06-22,SBY,S06
2012-06-24,OFF,XX
2012-06-25,OFF,XX
2012-06-26,OFF,XX
2012-06-30,OFF,XX
2012-07-01,OFF,XX
2012-07-04,OFF,XXR
2012-07-05,OFF,XX
2012-07-06,OFF,XX
2012-07-07,OFF,XX
2012-07-11,OFF,XX
2012-07-12,OFF,XX
2012-07-15,OFF,XX
2012-07-16,OFF,XX
2012-07-17,OFF,XX
2012-07-20,OFF,XXR
2012-07-21,OFF,XX
2012-07-22,TRG,38JP
2012-07-23,TRG,38JP
2012-07-24,TRG,38JP
2012-07-25,TRG,38JP
2012-07-26,TRG,38JP
2012-07-27,OFF,XX
2012-07-28,OFF,XX
2012-08-01,REST,REST
2012-08-05,OFF,XX
2012-08-06,REST,REST
2012-08-09,OFF,XX
2012-08-10,OFF,XX
2012-08-11,REST,REST
2012-08-14,REST,REST
2012-08-17,OFF,XX
2012-08-18,OFF,XX
2012-08-19,REST,REST
2012-08-22,OFF,XX
2012-08-23,OFF,XX
2012-08-24,REST,REST
2012-08-25,SCK,SK
2012-08-26,REST,REST
2012-08-27,OFF,XX
2012-08-30,OFF,XX
2012-08-31,OFF,XX
2012-09-01,OFF,XX
2012-09-06,REST,REST
2012-09-10,OFF,XXR
2012-09-11,OFF,XXR
2012-09-16,OFF,XX
2012-09-17,OFF,XX
2012-09-18,OFF,XX
2012-09-23,OFF,XX
2012-09-24,OFF,XX
2012-09-25,REST,REST
2012-09-30,OFF,XX
2012-10-01,OFF,XX
2012-10-08,OFF,XX
2012-10-09,OFF,XX
2012-10-10,REST,REST
2012-10-13,OFF,XX
2012-10-14,OFF,XX
2012-10-18,OFF,XX
2012-10-19,OFF,XX
2012-10-20,OFF,XX
2012-10-24,OFF,XX
2012-10-25,OFF,XX
2012-10-26,OFF,XX
2012-10-27,OFF,XX
2012-10-28,OFF,XX
2012-10-29,LVE,LV
2012-10-30,LVE,LV
2012-10-31,LVE,LV
2012-11-01,OFF,XX
2012-11-01,REST,REST
2012-11-04,OFF,XXR
2012-11-05,OFF,XX
2012-11-05,REST,REST
2012-11-06,OFF,XX
2012-11-06,REST,REST
2012-11-07,REST,REST
2012-11-09,OFF,XXR
2012-11-10,REST,REST
2012-11-13,OFF,XX
2012-11-17,OFF,XX
2012-11-17,REST,REST
2012-11-18,OFF,XX
2012-11-18,REST,REST
2012-11-24,OFF,XX
2012-11-24,REST,REST
2012-11-25,ABS,AB
2012-11-25,REST,REST
2012-11-26,REST,REST
2012-11-26,SBY,SQ22
2012-12-03,OFF,XX
2012-12-04,OFF,XXR
2012-12-05,OFF,XXR
2012-12-06,SBY,SQ08
2012-12-09,REST,REST
2012-12-12,OFF,XXR
2012-12-13,OFF,XXR
2012-12-14,REST,REST
2012-12-15,SBY,SQ04
2012-12-18,OFF,XXR
2012-12-19,OFF,XXR
2012-12-20,OFF,XXR
2012-12-21,SBY,SQ08
2012-12-23,REST,REST
2012-12-26,OFF,XXR
2012-12-27,OFF,XXR
2012-12-28,REST,REST
2013-01-01,OFF,XXR
2013-01-02,OFF,XXR
2013-01-09,REST,REST
2013-01-10,OFF,XX
2013-01-11,OFF,XX
2013-01-14,OFF,XX
2013-01-15,OFF,XX
2013-01-16,REST,REST
2013-01-23,OFF,XX
2013-01-24,REST,REST
2013-01-28,OFF,XX
2013-01-29,OFF,XX
2013-01-30,OFF,XX
2013-01-31,OFF,XX
2013-02-07,OFF,XX
2013-02-08,OFF,XX
2013-02-09,REST,REST
2013-02-13,REST,REST
2013-02-16,OFF,XX
2013-02-20,REST,REST
2013-02-21,OFF,XX
2013-02-22,REST,REST
2013-02-26,OFF,XX
2013-02-27,OFF,XX
2013-02-28,REST,REST
2013-03-04,OFF,XX
2013-03-05,OFF,XX
2013-03-06,OFF,XX
2013-03-13,OFF,XX
2013-03-14,OFF,XX
2013-03-15,LVE,LV
2013-03-16,LVE,LV
2013-03-17,LVE,LV
2013-03-18,LVE,LV
2013-03-19,LVE,LV
2013-03-20,LVE,LV
2013-03-21,LVE,LV
2013-03-22,LVE,LV
2013-03-23,OFF,XX
2013-03-24,OFF,XX
2013-03-29,OFF,XX
2013-03-30,OFF,XX
2013-04-03,REST,REST
2013-04-07,OFF,XX
2013-04-08,REST,REST
2013-04-11,OFF,XX
2013-04-12,OFF,XX
2013-04-13,OFF,XXR
2013-04-14,ABS,AB
2013-04-15,SBY,SQA1300
2013-04-16,SBY,SQ12
2013-04-18,LVE,LV
2013-04-19,LVE,LV
2013-04-20,LVE,LV
2013-04-21,LVE,LV
2013-04-22,LVE,LV
2013-04-23,LVE,LV
2013-04-24,LVE,LV
2013-04-25,OFF,XX
2013-04-26,OFF,XX
2013-04-27,OFF,XX
2013-04-28,REST,REST
2013-05-02,OFF,XX
2013-05-03,OFF,XX
2013-05-04,OFF,XX
2013-05-05,OFF,XX
2013-05-09,OFF,XX
2013-05-10,OFF,XX
2013-05-14,REST,REST
2013-05-16,OFF,XX
2013-05-17,TRG,ER81
2013-05-18,TRG,ER82
2013-05-19,REST,REST
2013-05-23,OFF,XX
2013-05-24,OFF,XX
2013-05-28,OFF,XX
2013-05-29,OFF,XX
2013-05-30,REST,REST
2013-06-03,OFF,XX
2013-06-04,OFF,XX
2013-06-05,OFF,XX
2013-06-09,OFF,XX
2013-06-10,OFF,XX
2013-06-17,OFF,XX
2013-06-18,OFF,XX
2013-06-19,OFF,XX
2013-06-23,OFF,XX
2013-06-27,REST,REST
2013-06-29,OFF,XX
2013-06-30,OFF,XX
2013-07-01,OFF,XX
2013-07-05,OFF,XX
2013-07-06,OFF,XX
2013-07-07,OFF,XX
2013-07-08,REST,REST
2013-07-12,OFF,XX
2013-07-13,OFF,XX
2013-07-14,REST,REST
2013-07-18,OFF,XX
2013-07-19,LVE,LV
2013-07-20,LVE,LV
2013-07-21,LVE,LV
2013-07-22,LVE,LV
2013-07-23,LVE,LV
2013-07-24,LVE,LV
2013-07-25,LVE,LV
2013-07-26,OFF,XX
2013-07-27,OFF,XX
2013-07-28,REST,REST
2013-08-01,REST,REST
2013-08-04,OFF,XX
2013-08-05,OFF,XX
2013-08-06,OFF,XX
2013-08-10,OFF,XX
2013-08-11,OFF,XX
2013-08-15,REST,REST
2013-08-19,OFF,XX
2013-08-23,OFF,XX
2013-08-24,OFF,XX
2013-08-28,REST,REST
2013-08-31,OFF,XX
2013-09-01,OFF,XX
2013-09-02,OFF,XXR
2013-09-03,SCK,SK
2013-09-04,SCK,SK
2013-09-05,SCK,SK
2013-09-06,OFF,XX
2013-09-07,OFF,XX
2013-09-08,OFF,XX
2013-09-09,OFF,XX
2013-09-10,OFF,XX
2013-09-14,OFF,XX
2013-09-15,OFF,XX
2013-09-22,OFF,XX
2013-09-23,OFF,XXV
2013-09-24,OFF,XXV
2013-09-25,OFF,XXV
2013-09-26,REST,REST
2013-09-30,OFF,XXR
2013-10-01,OFF,XX
2013-10-02,OFF,XX
2013-10-09,OFF,XX
2013-10-13,OFF,XX
2013-10-14,OFF,XX
2013-10-15,OFF,XX
2013-10-16,LVE,LV
2013-10-17,LVE,LV
2013-10-18,LVE,LV
2013-10-19,LVE,LV
2013-10-20,LVE,LV
2013-10-21,LVE,LV
2013-10-22,LVE,LV
2013-10-23,LVE,LV
2013-10-24,OFF,XX
2013-10-25,OFF,XX
2013-10-26,REST,REST
2013-10-29,REST,REST
2013-11-01,OFF,XX
2013-11-02,OFF,XX
2013-11-03,OFF,XX
2013-11-10,OFF,XX
2013-11-11,OFF,XX
2013-11-12,SCK,SK
2013-11-13,REST,REST
2013-11-14,SBY,SQ04
2013-11-15,REST,REST
2013-11-19,OFF,XX
2013-11-20,OFF,XX
2013-11-21,OFF,XX
2013-11-24,REST,REST
2013-11-27,OFF,XX
2013-11-28,OFF,XX
2013-12-02,REST,REST
2013-12-06,OFF,XX
2013-12-07,OFF,XX
2013-12-12,OFF,XX
2013-12-13,OFF,XX
2013-12-17,OFF,XX
2013-12-24,OFF,XX
2013-12-25,OFF,XX
2013-12-26,OFF,XX
2013-12-27,REST,REST
2013-12-31,OFF,XX
2014-01-04,OFF,XX
2014-01-07,OFF,XXR
2014-01-08,OFF,XX
2014-01-09,OFF,XX
2014-01-10,SCK,SK
2014-01-11,REST,REST
2014-01-15,OFF,XX
2014-01-19,OFF,XX
2014-01-23,OFF,XX
2014-01-24,OFF,XX
2014-01-27,OFF,XX
2014-01-31,OFF,XX
2014-02-01,LVE,LV
2014-02-02,LVE,LV
2014-02-03,LVE,LV
2014-02-04,LVE,LV
2014-02-05,LVE,LV
2014-02-06,LVE,LV
2014-02-07,LVE,LV
2014-02-08,OFF,XX
2014-02-13,OFF,XX
2014-02-14,OFF,XX
2014-02-15,SCK,SK
2014-02-18,OFF,XX
2014-02-19,OFF,XX
2014-02-23,OFF,XX
2014-02-27,OFF,XX
2014-02-28,OFF,XX
2014-03-04,OFF,XX
2014-03-05,LVE,LV
2014-03-06,LVE,LV
2014-03-07,LVE,LV
2014-03-08,LVE,LV
2014-03-09,LVE,LV
2014-03-10,OFF,XX
2014-03-11,REST,REST
2014-03-15,OFF,XX
2014-03-16,REST,REST
2014-03-21,OFF,XX
2014-03-22,OFF,XX
2014-03-23,OFF,XX
2014-03-28,OFF,XX
2014-03-29,OFF,XX
2014-03-30,REST,REST
2014-04-03,OFF,XX
2014-04-04,OFF,XX
2014-04-08,REST,REST
2014-04-12,OFF,XX
2014-04-13,REST,REST
2014-04-17,OFF,XX
2014-04-18,LVE,LV
2014-04-19,LVE,LV
2014-04-20,LVE,LV
2014-04-21,LVE,LV
2014-04-22,LVE,LV
2014-04-23,OFF,XX
2014-04-24,ABS,AB
2014-04-25,REST,REST
2014-04-26,SBY,SQ04
2014-04-27,OFF,XX
2014-04-28,OFF,XX
2014-04-29,REST,REST
2014-05-03,OFF,XX
2014-05-04,OFF,XX
2014-05-05,OFF,XX
2014-05-06,OFF,XX
2014-05-07,REST,REST
2014-05-11,OFF,XX
2014-05-12,TRG,ER91
2014-05-13,TRG,ER92
2014-05-14,REST,REST
2014-05-18,OFF,XX
2014-05-19,OFF,XX
2014-05-20,OFF,XX
2014-05-27,OFF,XX
2014-05-28,REST,REST
2014-06-01,OFF,XX
2014-06-02,OFF,XX
2014-06-06,OFF,XX
2014-06-07,OFF,XX
2014-06-14,OFF,XX
2014-06-15,OFF,XX
2014-06-19,REST,REST
2014-06-22,OFF,XX
2014-06-23,REST,REST
2014-06-28,OFF,XX
2014-06-29,OFF,XX
2014-07-04,OFF,XX
2014-07-05,OFF,XX
2014-07-06,TRG,ST1
2014-07-07,TRG,ST1
2014-07-08,TRG,ST1
2014-07-09,TRG,ST1
2014-07-10,TRG,ST1
2014-07-11,OFF,XX
2014-07-12,OFF,XX
2014-07-13,TRG,ST1
2014-07-14,TRG,ST1
2014-07-15,TRG,ST1
2014-07-16,TRG,ST1
2014-07-20,OFF,XX
2014-07-21,OFF,XX
2014-07-26,OFF,XX
2014-07-27,OFF,XX
2014-07-28,OFF,XX
2014-07-29,OFF,XX
2014-07-30,LVE,LV
2014-07-31,LVE,LV
2014-08-01,LVE,LV
2014-08-02,LVE,LV
2014-08-03,LVE,LV
2014-08-04,OFF,XX
2014-08-10,OFF,XX
2014-08-11,OFF,XX
2014-08-16,OFF,XX
2014-08-17,OFF,XX
2014-08-23,OFF,XX
2014-08-24,OFF,XX
2014-08-28,SCK,SK
2014-08-29,REST,REST
2014-08-30,OFF,XX
2014-09-06,OFF,XX
2014-09-10,OFF,XX
2014-09-11,OFF,XX
2014-09-12,OFF,XX
2014-09-16,OFF,XX
2014-09-17,OFF,XX
2014-09-25,OFF,XX
2014-09-26,OFF,XX
2014-09-27,OFF,XX
2014-10-01,REST,REST
2014-10-05,TRG,ST2
2014-10-06,TRG,ST2
2014-10-07,TRG,FSA
2014-10-08,TRG,FSA
2014-10-09,TRG,FSA
2014-10-10,OFF,XX
2014-10-11,OFF,XX
2014-10-15,OFF,XX
2014-10-19,OFF,XX
2014-10-23,OFF,XX
2014-10-24,OFF,XX
2014-10-28,OFF,XX
2014-10-29,OFF,XX
2014-10-30,REST,REST
2014-11-04,OFF,XX
2014-11-05,OFF,XX
2014-11-06,OFF,XX
2014-11-07,OFF,XX
2014-11-08,OFF,XX
2014-11-09,REST,REST
2014-11-13,OFF,XX
2014-11-20,OFF,XX
2014-11-21,OFF,XX
2014-11-25,OFF,XX
2014-11-26,OFF,XX
2014-11-27,OFF,XX
2014-11-28,SCK,SK
2014-11-29,SCK,SK
2014-11-30,SCK,SK
2014-12-01,SCK,SK
2014-12-02,SCK,SK
2014-12-03,SCK,SK
2014-12-04,SCK,SK
2014-12-05,SCK,SK
2014-12-06,SCK,SK
2014-12-07,SCK,SK
2014-12-08,SCK,SK
2014-12-09,SCK,SK
2014-12-10,SCK,SK
2014-12-11,SCK,SK
2014-12-12,SCK,SK
2014-12-13,SCK,SK
2014-12-14,SCK,SK
2014-12-15,SCK,SK
2014-12-16,SCK,SK
2014-12-17,OFF,XX
2014-12-18,LVE,LV
2014-12-19,LVE,LV
2014-12-20,LVE,LV
2014-12-21,LVE,LV
2014-12-22,LVE,LV
2014-12-23,LVE,LV
2014-12-24,LVE,LV
2014-12-25,LVE,LV
2014-12-26,OFF,XX
2014-12-27,OFF,TA
2014-12-28,OFF,TA
2014-12-29,OFF,TA
2014-12-30,OFF,XX
2015-01-03,OFF,XX
2015-01-07,OFF,XX
2015-01-08,OFF,XX
2015-01-09,OFF,XX
2015-01-10,REST,REST
2015-01-15,OFF,XX
2015-01-16,REST,REST
2015-01-19,OFF,XX
2015-01-20,OFF,XX
2015-01-21,TRG,SR2
2015-01-25,OFF,XX
2015-01-26,OFF,XX
2015-01-27,OFF,XX
2015-01-28,TRG,XG
2015-01-29,OFF,XX
2015-02-02,OFF,XX
2015-02-03,OFF,XX
2015-02-04,LVE,LV
2015-02-05,LVE,LV
2015-02-06,LVE,LV
2015-02-07,LVE,LV
2015-02-08,LVE,LV
2015-02-09,LVE,LV
2015-02-10,LVE,LV
2015-02-11,LVE,LV
2015-02-12,OFF,XX
2015-02-18,OFF,XX
2015-02-19,OFF,XX
2015-02-23,REST,REST
2015-02-24,OFF,XX
2015-03-02,OFF,XXR
2015-03-03,OFF,XXR
2015-03-06,OFF,XX
2015-03-07,OFF,XX
2015-03-08,OFF,XX
2015-03-13,OFF,XX
2015-03-14,OFF,XX
2015-03-15,OFF,XX
2015-03-16,REST,REST
2015-03-20,OFF,XX
2015-03-21,OFF,XX
2015-03-25,OFF,XX
2015-03-28,OFF,XXR
2015-04-01,OFF,XX
2015-04-02,OFF,XX
2015-04-07,OFF,XX
2015-04-08,OFF,XX
2015-04-09,SBY,SQ21
2015-04-14,OFF,XXR
2015-04-15,OFF,XXR
2015-04-20,OFF,XXR
2015-04-21,OFF,XXR
2015-04-22,SBY,SQ21
2015-04-23,REST,REST
2015-04-24,SBY,SQA0845
2015-04-25,SBY,SQ12
2015-04-26,OFF,XXR
2015-04-27,OFF,XXR
2015-04-28,OFF,XXR
2015-04-29,SBY,SQ21
2015-05-03,OFF,XXR
2015-05-04,OFF,XXR
2015-05-05,OFF,XXR
2015-05-06,SBY,SQ21
2015-05-10,OFF,XXR
2015-05-11,OFF,XXR
2015-05-15,REST,REST
2015-05-18,OFF,XX
2015-05-19,REST,REST
2015-05-21,OFF,XX
2015-05-22,OFF,XX
2015-05-23,OFF,XX
2015-05-24,REST,REST
2015-05-30,OFF,XX
2015-05-31,OFF,XXP
2015-06-01,OFF,XX
2015-06-02,TRG,ER31
2015-06-03,TRG,ER32
2015-06-07,OFF,XX
2015-06-08,OFF,XX
2015-06-09,OFF,XX
2015-06-16,OFF,XX
2015-06-17,OFF,XX
2015-06-21,OFF,XX
2015-06-25,OFF,XX
2015-06-26,OFF,XX
2015-06-27,OFF,XX
2015-06-28,OFF,XX
2015-07-03,OFF,XX
2015-07-04,OFF,XX
2015-07-05,OFF,XX
2015-07-10,OFF,XX
2015-07-14,REST,REST
2015-07-18,OFF,XX
2015-07-19,OFF,XX
2015-07-23,OFF,XX
2015-07-27,OFF,XX
2015-07-31,OFF,XX
2015-08-01,OFF,XX
2015-08-02,SCK,SK
2015-08-05,OFF,XX
2015-08-09,OFF,XX
2015-08-13,OFF,XX
2015-08-14,LVE,LV
2015-08-15,LVE,LV
2015-08-16,LVE,LV
2015-08-17,LVE,LV
2015-08-18,LVE,LV
2015-08-19,OFF,XX
2015-08-20,OFF,XX
2015-08-21,REST,REST
2015-08-25,OFF,XX
2015-08-26,OFF,XX
2015-08-30,REST,REST
2015-09-03,OFF,XX
2015-09-04,OFF,XX
2015-09-05,REST,REST
2015-09-09,OFF,XX
2015-09-10,REST,REST
2015-09-14,OFF,XX
2015-09-15,OFF,XX
2015-09-19,OFF,XX
2015-09-23,OFF,XX
2015-09-28,OFF,XX
2015-09-29,OFF,XX
2015-10-05,OFF,XX
2015-10-06,OFF,XX
2015-10-07,OFF,XX
2015-10-09,LVE,LV
2015-10-10,LVE,LV
2015-10-11,LVE,LV
2015-10-12,LVE,LV
2015-10-13,LVE,LV
2015-10-14,LVE,LV
2015-10-15,LVE,LV
2015-10-16,LVE,LV
2015-10-17,OFF,XX
2015-10-22,OFF,XX
2015-10-26,OFF,XX
2015-10-27,OFF,XX
2015-10-31,OFF,XX
2015-11-01,OFF,XX
2015-11-02,SCK,SK
2015-11-03,SCK,SK
2015-11-08,OFF,XX
2015-11-09,OFF,XX
2015-11-10,REST,REST
2015-11-14,OFF,XX
2015-11-15,OFF,XX
2015-11-22,OFF,XX
2015-11-23,OFF,XX
2015-11-27,REST,REST
2015-11-29,OFF,XX
2015-11-30,OFF,XX
2015-12-01,REST,REST
2015-12-05,OFF,XX
2015-12-06,OFF,XX
2015-12-07,LVE,LV
2015-12-08,LVE,LV
2015-12-09,LVE,LV
2015-12-10,LVE,LV
2015-12-11,LVE,LV
2015-12-12,LVE,LV
2015-12-13,LVE,LV
2015-12-14,LVE,LV
2015-12-15,LVE,LV
2015-12-16,OFF,XX
2015-12-17,OFF,XX
2015-12-22,OFF,XX
2015-12-23,OFF,XX
2015-12-31,OFF,XX
2016-01-04,OFF,XX
2016-01-05,OFF,XX
2016-01-12,OFF,XX
2016-01-13,OFF,XX
2016-01-19,OFF,XX
2016-01-20,OFF,XX
2016-01-25,OFF,XX
2016-01-26,OFF,XX
2016-01-29,OFF,XX
2016-02-04,OFF,XX
2016-02-05,OFF,XX
2016-02-09,TRG,ER831
2016-02-10,TRG,ER832
2016-02-13,OFF,XX
2016-02-14,OFF,XX
2016-02-19,OFF,XX
2016-02-20,OFF,XX
2016-02-21,OFF,XX
2016-02-28,OFF,XX
2016-02-29,OFF,XX
2016-03-03,OFF,XX
2016-03-05,OFF,XX
2016-03-08,OFF,XX
2016-03-09,REST,REST
2016-03-12,OFF,XX
2016-03-13,OFF,XX
2016-03-18,OFF,XX
2016-03-19,OFF,XX
2016-03-26,OFF,XX
2016-03-27,REST,REST
2016-03-31,OFF,XX
2016-04-01,LVE,EL
2016-04-02,LVE,EL
2016-04-03,LVE,EL
2016-04-04,LVE,EL
2016-04-05,LVE,EL
2016-04-06,LVE,EL
2016-04-07,LVE,EL
2016-04-08,LVE,LV
2016-04-09,LVE,LV
2016-04-10,LVE,LV
2016-04-11,LVE,LV
2016-04-12,LVE,LV
2016-04-13,LVE,LV
2016-04-14,LVE,LV
2016-04-15,LVE,LV
2016-04-16,LVE,LV
2016-04-17,LVE,LV
2016-04-18,LVE,LV
2016-04-19,LVE,LV
2016-04-20,LVE,LV
2016-04-21,LVE,LV
2016-04-22,LVE,LV
2016-04-23,OFF,XX
2016-04-24,OFF,XX
2016-04-25,OFF,XX
2016-04-26,OFF,XX
2016-04-27,OFF,XX
2016-04-28,REST,REST
2016-05-02,OFF,XX
2016-05-03,OFF,XX
2016-05-05,OFF,XX
2016-05-06,REST,REST
2016-05-10,REST,REST
2016-05-13,OFF,XX
2016-05-14,OFF,XX
2016-05-15,SCK,SK
2016-05-16,REST,REST
2016-05-19,OFF,XX
2016-05-20,OFF,XX
2016-05-22,OFF,XX
2016-05-23,REST,REST
2016-05-27,OFF,XX
2016-05-31,OFF,XX
2016-06-01,LVE,LV
2016-06-02,LVE,LV
2016-06-03,LVE,LV
2016-06-04,LVE,LV
2016-06-05,LVE,LV
2016-06-06,OFF,XX
2016-06-07,OFF,XX
2016-06-08,REST,REST
2016-06-12,OFF,XX
2016-06-16,OFF,XX
2016-06-17,OFF,XX
2016-06-18,REST,REST
2016-06-22,OFF,XX
2016-06-23,OFF,XX
2016-06-30,OFF,XX
2016-07-01,OFF,XX
2016-07-07,OFF,XX
2016-07-08,OFF,XX
2016-07-09,REST,REST
2016-07-14,OFF,XX
2016-07-15,OFF,XX
2016-07-19,OFF,XX
2016-07-24,OFF,XXV
2016-07-25,OFF,XXV
2016-07-26,OFF,XXV
2016-07-27,REST,REST
2016-07-29,OFF,XXR
2016-07-30,OFF,XXR
2016-08-02,OFF,XX
2016-08-09,OFF,XX
2016-08-10,OFF,XX
2016-08-15,OFF,XX
2016-08-19,OFF,XX
2016-08-22,OFF,XX
2016-08-23,OFF,XX
2016-08-27,OFF,XX
2016-08-28,OFF,XX
2016-08-29,OFF,XX
2016-09-04,OFF,XX
2016-09-05,LVE,LV
2016-09-06,LVE,LV
2016-09-07,LVE,LV
2016-09-08,LVE,LV
2016-09-09,LVE,LV
2016-09-10,OFF,XX
2016-09-11,OFF,XX
2016-09-15,OFF,XX
2016-09-19,TRG,JCMM
2016-09-20,REST,REST
2016-09-23,OFF,XX
2016-09-24,OFF,XX
2016-09-25,REST,REST
2016-09-27,GRD,MFP
2016-09-29,OFF,XX
2016-10-03,REST,REST
2016-10-07,OFF,XX
2016-10-08,OFF,XX
2016-10-09,OFF,XX
2016-10-13,OFF,XX
2016-10-14,OFF,XX
2016-10-15,REST,REST
2016-10-17,OFF,XX
2016-10-18,REST,REST
2016-10-22,OFF,XX
2016-10-23,OFF,UVX
2016-10-24,OFF,UVX
2016-10-25,OFF,UVX
2016-10-26,REST,REST
2016-11-01,OFF,XX
2016-11-02,OFF,XX
2016-11-06,OFF,XX
2016-11-07,OFF,XXR
2016-11-08,SCK,SK
2016-11-09,REST,REST
2016-11-10,OFF,XX
2016-11-17,OFF,XX
2016-11-18,OFF,XX
2016-11-25,OFF,XX
2016-11-26,OFF,XX
2016-11-29,OFF,XX
2016-11-30,OFF,XX
2016-12-05,OFF,XX
2016-12-06,LVE,LV
2016-12-07,LVE,LV
2016-12-08,LVE,LV
2016-12-09,LVE,LV
2016-12-10,LVE,LV
2016-12-11,LVE,LV
2016-12-12,LVE,LV
2016-12-13,LVE,LV
2016-12-14,OFF,XX
2016-12-20,OFF,XX
2016-12-21,OFF,XX
2016-12-26,OFF,XX
2016-12-27,OFF,XX
2016-12-28,OFF,XX
2016-12-30,OFF,XX
2016-12-31,OFF,XX
2017-01-01,REST,REST
2017-01-02,SBY,SQ03
2017-01-07,OFF,XX
2017-01-08,OFF,XXR
2017-01-09,OFF,XXR
2017-01-15,OFF,XXR
2017-01-16,OFF,XXR
2017-01-17,SBY,SQ21
2017-01-21,OFF,XXR
2017-01-22,OFF,XXR
2017-01-23,OFF,XXR
2017-01-24,SBY,SQ21
2017-01-29,OFF,XXR
2017-01-30,OFF,XXR
2017-02-03,OFF,XXR
2017-02-04,OFF,XXR
2017-02-05,OFF,XX
2017-02-06,TRG,ER821
2017-02-07,TRG,ER822
2017-02-08,OFF,XX
2017-02-15,OFF,XX
2017-02-16,OFF,XX
2017-02-21,OFF,XX
2017-02-22,OFF,XX
2017-02-23,REST,REST
2017-02-26,OFF,XX
2017-02-27,OFF,XX
2017-02-28,OFF,XX
2017-03-05,OFF,XX
2017-03-06,OFF,XX
2017-03-09,OFF,XX
2017-03-10,REST,REST
2017-03-13,OFF,XX
2017-03-14,REST,REST
2017-03-17,OFF,XX
2017-03-18,OFF,XX
2017-03-19,OFF,XX
2017-03-20,OFF,XX
2017-03-24,REST,REST
2017-03-27,OFF,XX
2017-03-28,OFF,XX
2017-04-05,OFF,XX
2017-04-06,OFF,XX
2017-04-10,OFF,XX
2017-04-11,OFF,XX
2017-04-15,OFF,XX
2017-04-16,OFF,XX
2017-04-17,OFF,XX
2017-04-18,REST,REST
2017-04-21,OFF,XX
2017-04-23,OFF,XX
2017-04-24,REST,REST
2017-04-27,OFF,XX
2017-04-28,OFF,XX
2017-05-01,OFF,XX
2017-05-02,REST,REST
2017-05-04,OFF,XX
2017-05-05,OFF,XX
2017-05-10,OFF,XX
2017-05-11,OFF,XX
2017-05-16,OFF,XX
2017-05-17,REST,REST
2017-05-21,LVE,LV
2017-05-22,LVE,LV
2017-05-23,LVE,LV
2017-05-24,LVE,LV
2017-05-25,LVE,LV
2017-05-26,LVE,LV
2017-05-27,LVE,LV
2017-05-28,LVE,LV
2017-05-29,LVE,LV
2017-05-30,LVE,LV
2017-05-31,LVE,LV
2017-06-01,LVE,LV
2017-06-02,LVE,LV
2017-06-03,LVE,LV
2017-06-04,LVE,LV
2017-06-05,OFF,XX
2017-06-07,OFF,XX
2017-06-08,OFF,XX
2017-06-14,OFF,XXR
2017-06-15,OFF,XX
2017-06-16,OFF,XX
2017-06-17,REST,REST
2017-06-20,OFF,XX
2017-06-21,REST,REST
2017-06-24,OFF,XX
2017-06-25,OFF,XX
2017-06-29,OFF,XX
2017-06-30,OFF,XX
2017-07-01,REST,REST
2017-07-04,OFF,XX
2017-07-05,OFF,XX
2017-07-09,OFF,XX
2017-07-10,OFF,XX
2017-07-17,OFF,XX
2017-07-18,OFF,XX
2017-07-19,REST,REST
2017-07-26,OFF,XX
2017-07-27,OFF,XX
2017-07-28,SCK,SK
2017-07-29,SCK,SK
2017-07-30,SCK,SK
2017-07-31,OFF,XX
2017-08-01,OFF,XX
2017-08-02,REST,REST
2017-08-06,OFF,XX
2017-08-07,OFF,XX
2017-08-09,OFF,XXR
2017-08-13,OFF,XX
2017-08-14,OFF,XX
2017-08-15,REST,REST
2017-08-18,OFF,XX
2017-08-19,REST,REST
2017-08-21,OFF,XX
2017-08-22,OFF,XX
2017-08-27,OFF,XX
2017-08-28,OFF,XX
2017-08-29,REST,REST
2017-09-04,OFF,XX
2017-09-05,OFF,XX
2017-09-08,OFF,XX
2017-09-12,SBY,SQA1300
2017-09-13,REST,REST
2017-09-15,OFF,XX
2017-09-18,OFF,XX
2017-09-19,OFF,XX
2017-09-20,REST,REST
2017-09-24,OFF,XX
2017-09-25,OFF,XX
2017-09-30,OFF,XX
2017-10-03,OFF,XX
2017-10-04,OFF,XX
2017-10-09,OFF,XX
2017-10-10,OFF,XX
2017-10-13,OFF,XX
2017-10-14,REST,REST
2017-10-17,OFF,XX
2017-10-18,OFF,XX
2017-10-19,TRG,SRA
2017-10-23,OFF,XX
2017-10-26,OFF,XX
2017-10-27,LVE,LV
2017-10-28,LVE,LV
2017-10-29,LVE,LV
2017-10-30,LVE,LV
2017-10-31,LVE,LV
2017-11-01,OFF,XX
2017-11-06,OFF,XX
2017-11-07,REST,REST
2017-11-11,REST,REST
2017-11-14,OFF,XX
2017-11-15,LVE,ULWA
2017-11-16,LVE,ULWA
2017-11-17,LVE,ULWA
2017-11-18,LVE,ULWA
2017-11-19,LVE,ULWA
2017-11-20,LVE,ULWA
2017-11-21,LVE,ULWA
2017-11-22,LVE,ULWA
2017-11-23,LVE,ULWA
2017-11-24,LVE,ULWA
2017-11-25,LVE,ULWA
2017-11-26,LVE,ULWA
2017-11-27,LVE,ULWA
2017-11-28,LVE,ULWA
2017-11-29,LVE,ULWA
2017-11-30,OFF,XX
2017-12-04,OFF,XX
2017-12-07,OFF,XX
2017-12-08,REST,REST
2017-12-13,OFF,XX
2017-12-14,OFF,XX
2017-12-18,OFF,XX
2017-12-19,OFF,XX
2017-12-26,OFF,XX
2017-12-27,OFF,XX
2017-12-30,OFF,XX
2017-12-31,OFF,XX
2018-01-05,OFF,XX
2018-01-06,OFF,XX
2018-01-07,TRG,ER841
2018-01-08,TRG,ER842
2018-01-09,REST,REST
2018-01-12,OFF,XX
2018-01-13,SCK,SK
2018-01-14,SCK,SK
2018-01-15,SBY,SQ12
2018-01-16,REST,REST
2018-01-19,OFF,XX
2018-01-20,OFF,XX
2018-01-27,OFF,XX
2018-01-28,OFF,XX
2018-01-31,OFF,XX
2018-02-03,OFF,XX
2018-02-04,OFF,XX
2018-02-05,REST,REST
2018-02-11,OFF,XX
2018-02-12,OFF,XX
2018-02-16,OFF,XX
2018-02-19,OFF,XX
2018-02-20,OFF,XX
2018-02-21,REST,REST
2018-02-26,OFF,XX
2018-02-27,OFF,XX
2018-02-28,OFF,XX
2018-03-01,REST,REST
2018-03-06,OFF,XXR
2018-03-07,OFF,XXR
2018-03-08,SBY,SQ21
2018-03-11,OFF,XXR
2018-03-12,OFF,XXR
2018-03-13,REST,REST
2018-03-14,SBY,SQ03
2018-03-20,OFF,XXR
2018-03-21,OFF,XXR
2018-03-22,OFF,XXR
2018-03-23,OFF,XXR
2018-03-26,SBY,SQ03
2018-03-29,OFF,XXR
2018-03-30,OFF,XXR
2018-03-31,OFF,XXR
2018-04-01,OFF,XXR
2018-04-02,OFF,XXR
2018-04-06,OFF,XX
2018-04-10,SCK,II
2018-04-11,SCK,II
2018-04-12,SCK,II
2018-04-13,OFF,XX
2018-04-14,OFF,XX
2018-04-18,REST,REST
2018-04-21,OFF,XX
2018-04-22,OFF,XX
2018-04-27,OFF,XX
2018-04-28,OFF,XX
2018-05-02,OFF,XX
2018-05-06,REST,REST
2018-05-10,OFF,XX
2018-05-11,OFF,XX
2018-05-12,OFF,XX
2018-05-13,OFF,XX
2018-05-14,REST,REST
2018-05-18,OFF,XX
2018-05-19,OFF,XX
2018-05-26,OFF,XX
2018-05-27,OFF,XX
2018-05-28,OFF,XX
2018-06-03,OFF,XX
2018-06-04,OFF,XX
2018-06-08,OFF,XX
2018-06-09,SCK,SK
2018-06-10,REST,REST
2018-06-15,OFF,XX
2018-06-16,LVE,LV
2018-06-17,LVE,LV
2018-06-18,LVE,LV
2018-06-19,LVE,LV
2018-06-20,LVE,LV
2018-06-21,OFF,XX
2018-06-25,OFF,XX
2018-06-26,OFF,XX
2018-06-27,REST,REST
2018-07-02,OFF,XX
2018-07-03,OFF,XX
2018-07-07,OFF,XX
2018-07-11,OFF,XX
2018-07-14,OFF,XX
2018-07-15,OFF,XX
2018-07-16,REST,REST
2018-07-20,OFF,XX
2018-07-21,OFF,XX
2018-07-28,OFF,XX
2018-07-29,OFF,XX
2018-07-30,OFF,XXR
2018-07-31,SCK,SK
2018-08-01,SCK,SK
2018-08-02,SCK,SK
2018-08-03,SCK,SK
2018-08-04,SCK,SK
2018-08-05,SBY,SQ03
2018-08-06,OFF,XX
2018-08-07,LVE,EL
2018-08-08,LVE,EL
2018-08-09,LVE,EL
2018-08-10,OFF,XX
2018-08-11,OFF,XX
2018-08-17,OFF,XX
2018-08-18,OFF,XX
2018-08-24,OFF,XX
2018-08-25,OFF,XX
2018-08-29,OFF,XX
2018-09-05,OFF,XX
2018-09-06,OFF,XX
2018-09-07,OFF,XX
2018-09-14,OFF,XX
2018-09-15,OFF,XX
2018-09-18,REST,REST
2018-09-21,OFF,XX
2018-09-22,OFF,XX
2018-09-23,OFF,XX
2018-09-24,OFF,XX
2018-10-02,OFF,XX
2018-10-03,OFF,XX
2018-10-10,OFF,XX
2018-10-11,OFF,XX
2018-10-19,OFF,XX
2018-10-20,OFF,XX
2018-10-21,OFF,XX
2018-10-22,OFF,XX
2018-10-23,REST,REST
2018-10-28,OFF,XX
2018-10-29,OFF,XX
2018-11-02,OFF,XX
2018-11-03,OFF,XX
2018-11-08,OFF,XX
2018-11-09,OFF,XX
2018-11-16,OFF,XX
2018-11-17,OFF,XX
2018-11-21,OFF,XX
2018-11-25,OFF,XX
2018-11-29,OFF,XX
2018-11-30,OFF,XX
2018-12-01,REST,REST
2018-12-05,OFF,XX
2018-12-06,OFF,XX
2018-12-07,OFF,XX
2018-12-08,OFF,XX
2018-12-09,REST,REST
2018-12-12,OFF,XX
2018-12-16,OFF,XX
2018-12-17,OFF,XX
2018-12-24,OFF,XX
2018-12-25,OFF,XX
2018-12-29,REST,REST
2019-01-01,OFF,XX
2019-01-02,TRG,ER841
2019-01-03,TRG,ER842
2019-01-04,OFF,XX
2019-01-05,OFF,XX
2019-01-06,OFF,XX
2019-01-07,SCK,SK
2019-01-12,OFF,XX
2019-01-16,REST,REST
2019-01-20,OFF,XX
2019-01-21,OFF,XX
2019-01-22,LVE,LV
2019-01-23,LVE,LV
2019-01-24,LVE,LV
2019-01-25,LVE,LV
2019-01-26,LVE,LV
2019-01-27,OFF,XX
2019-01-28,ABS,AB
2019-01-29,LVE,LV
2019-01-30,SBY,SA1300
2019-01-31,OFF,XX
2019-02-04,OFF,XX
2019-02-08,OFF,XX
2019-02-09,OFF,XX
2019-02-14,OFF,XX
2019-02-15,OFF,XX
2019-02-21,OFF,XX
2019-02-22,OFF,XX
2019-02-23,OFF,XX
2019-02-24,OFF,XX
2019-02-28,OFF,XX
2019-03-04,REST,REST
2019-03-07,OFF,XXR
2019-03-08,OFF,XX
2019-03-09,OFF,XX
2019-03-14,OFF,XX
2019-03-15,OFF,XX
2019-03-19,OFF,XX
2019-03-23,OFF,XX
2019-03-24,OFF,XX
2019-03-28,OFF,XX
2019-03-30,OFF,XX
2019-03-31,REST,REST
2019-04-04,OFF,XX
2019-04-05,OFF,XX
2019-04-06,SCK,SK
2019-04-07,REST,REST
2019-04-09,LVE,LV
2019-04-10,LVE,LV
2019-04-11,LVE,LV
2019-04-12,OFF,XX
2019-04-16,OFF,XX
2019-04-17,LVE,LV
2019-04-18,LVE,LV
2019-04-19,LVE,LV
2019-04-20,LVE,LV
2019-04-21,LVE,LV
2019-04-22,LVE,LV
2019-04-23,LVE,LV
2019-04-24,LVE,LV
2019-04-25,LVE,LV
2019-04-26,LVE,LV
2019-04-27,OFF,XX
2019-04-28,OFF,XX
2019-04-29,REST,REST
2019-05-06,OFF,XXV
2019-05-07,OFF,XXV
2019-05-08,OFF,XXV
2019-05-09,REST,REST
2019-05-14,OFF,XX
2019-05-15,OFF,XX
2019-05-16,LVE,LV
2019-05-17,LVE,LV
2019-05-18,LVE,LV
2019-05-19,LVE,LV
2019-05-20,LVE,LV
2019-05-21,LVE,LV
2019-05-22,OFF,XX
2019-05-27,OFF,XX
2019-05-31,OFF,XX
2019-06-01,OFF,XXR
2019-06-02,OFF,XXR
2019-06-03,REST,REST
2019-06-08,OFF,XXR
2019-06-09,OFF,XXR
2019-06-14,OFF,XXR
2019-06-15,OFF,XXR
2019-06-16,SBY,S21
2019-06-20,OFF,XXR
2019-06-21,OFF,XXR
2019-06-22,REST,REST
2019-06-27,OFF,XXR
2019-06-28,OFF,XXR
2019-06-29,OFF,XXR
2019-06-30,SBY,S08
2019-07-02,OFF,XXR
2019-07-09,OFF,XX
2019-07-10,OFF,XX
2019-07-13,OFF,XX
2019-07-14,REST,REST
2019-07-18,OFF,XX
2019-07-22,OFF,XX
2019-07-23,OFF,XX
2019-07-24,OFF,XX
2019-07-25,OFF,XXS
2019-07-26,SCK,SK
2019-07-27,SCK,SK
2019-07-28,SCK,SK
2019-07-29,OFF,XX
2019-07-30,OFF,XX
2019-08-05,OFF,XX
2019-08-06,OFF,XX
2019-08-10,OFF,XX
2019-08-11,OFF,XX
2019-08-16,OFF,XX
2019-08-17,OFF,XX
2019-08-25,OFF,XX
2019-08-26,OFF,XX
2019-08-30,OFF,XX
2019-09-03,OFF,XX
2019-09-07,OFF,XX
2019-09-08,OFF,XX
2019-09-13,OFF,XX
2019-09-14,OFF,XX
2019-09-18,LVE,LV
2019-09-19,LVE,LV
2019-09-20,LVE,LV
2019-09-21,OFF,XX
2019-09-22,OFF,XX
2019-09-27,OFF,XX
2019-09-28,OFF,XX
2019-09-29,OFF,XX
2019-10-05,OFF,XX
2019-10-06,OFF,XX
2019-10-09,OFF,XX
2019-10-14,OFF,XX
2019-10-15,OFF,XX
2019-10-20,OFF,XX
2019-10-21,OFF,XX
2019-10-25,OFF,XX
2019-10-29,OFF,XX
2019-11-02,OFF,XX
2019-11-03,OFF,XX
2019-11-08,OFF,XX
2019-11-09,OFF,XX
2019-11-17,OFF,XX
2019-11-18,LVE,LV
2019-11-19,LVE,LV
2019-11-20,LVE,LV
2019-11-21,OFF,XX
2019-11-25,OFF,XX
2019-11-28,OFF,XX
2019-11-29,LVE,LV
2019-11-30,LVE,LV
2019-12-01,LVE,LV
2019-12-02,LVE,LV
2019-12-03,LVE,LV
2019-12-04,OFF,XX
2019-12-08,OFF,XX
2019-12-09,OFF,XX
2019-12-10,SCK,SK
2019-12-11,SCK,SK
2019-12-12,SCK,SK
2019-12-13,SCK,SK
2019-12-14,SCK,SK
2019-12-15,SCK,SK
2019-12-16,SCK,SK
2019-12-17,SCK,SK
2019-12-18,SCK,SK
2019-12-19,SCK,SK
2019-12-20,SCK,SK
2019-12-21,SCK,SK
2019-12-22,SCK,SK
2019-12-23,SCK,SK
2019-12-24,SCK,SK
2019-12-25,SCK,SK
2019-12-26,SCK,SK
2019-12-27,SCK,SK
2019-12-28,SCK,SK
2019-12-29,SCK,SK
2019-12-30,LVE,EL
2019-12-31,LVE,EL
2020-01-01,LVE,EL
2020-01-02,LVE,EL
2020-01-03,LVE,EL
2020-01-04,LVE,EL
2020-01-05,LVE,EL
2020-01-06,LVE,EL
2020-01-07,LVE,LV
2020-01-08,LVE,LV
2020-01-09,LVE,LV
2020-01-10,LVE,LV
2020-01-11,LVE,LV
2020-01-12,SCK,SK
2020-01-13,SCK,SK
2020-01-14,SCK,SK
2020-01-15,SCK,SK
2020-01-16,SCK,SK
2020-01-17,SCK,SK
2020-01-18,SCK,SK
2020-01-19,SCK,SK
2020-01-26,OFF,XX
2020-01-27,OFF,XX
2020-02-01,OFF,XX
2020-02-02,OFF,XX
2020-02-03,OFF,XX
2020-02-04,OFF,XX
2020-02-09,OFF,XX
2020-02-10,OFF,XX
2020-02-11,TRG,ER851
2020-02-12,TRG,ER852
2020-02-13,OFF,XX
2020-02-16,OFF,XX
2020-02-22,OFF,XX
2020-02-23,OFF,XX
2020-02-24,OFF,XX
2020-03-02,OFF,XX
2020-03-03,OFF,XX
2020-03-04,OFF,XX
2020-03-09,OFF,XX
2020-03-10,OFF,XX
2020-03-14,OFF,XX
2020-03-18,OFF,XX
2020-03-19,OFF,XX
2020-03-20,OFF,XX
2020-03-21,OFF,XX
2020-03-22,OFF,XX
2020-03-23,OFF,XX
2020-03-24,OFF,XX
2020-03-25,OFF,XX
2020-03-26,OFF,XX
2020-03-27,OFF,XX
2020-03-28,OFF,XX
2020-03-29,OFF,XX
2020-03-30,OFF,XX
2020-03-31,OFF,XX
2020-04-01,OFF,XX
2020-04-02,OFF,XX
2020-04-03,OFF,XX
2020-04-04,OFF,XX
2020-04-05,OFF,XX
2020-04-06,OFF,XX
2020-04-07,OFF,XX
2020-04-08,OFF,XX
2020-04-09,OFF,XX
2020-04-10,OFF,XX
2020-04-11,OFF,XX
2020-04-12,OFF,XX
2020-04-13,OFF,XX
2020-04-14,OFF,XX
2020-04-15,OFF,XX
2020-04-16,OFF,XX
2020-04-17,OFF,XX
2020-04-18,OFF,XX
2020-04-19,OFF,XX
2020-04-20,OFF,XX
2020-04-21,OFF,XX
2020-04-22,OFF,XX
2020-04-23,OFF,XX
2020-04-24,OFF,XX
2020-04-25,OFF,XX
2020-04-26,OFF,XX
2020-04-27,OFF,XX
2020-04-28,OFF,XX
2020-04-29,OFF,XX
2020-04-30,OFF,XX
2020-05-01,OFF,XXD
2020-05-02,OFF,XXD
2020-05-03,OFF,XXD
2020-05-04,OFF,XXD
2020-05-05,OFF,XXD
2020-05-06,OFF,XXD
2020-05-07,OFF,XXD
2020-05-08,OFF,XXD
2020-05-09,OFF,XXD
2020-05-10,OFF,XXD
2020-05-11,OFF,XXD
2020-05-12,OFF,XXD
2020-05-13,OFF,XXD
2020-05-14,OFF,XXD
2020-05-15,OFF,XXD
2020-05-16,OFF,XXD
2020-05-17,OFF,XXD
2020-05-18,OFF,XXD
2020-05-19,OFF,XXD
2020-05-20,OFF,XXD
2020-05-21,OFF,XXD
2020-05-22,OFF,XXD
2020-05-23,OFF,XXD
2020-05-24,OFF,XXD
2020-05-25,OFF,XXD
2020-05-26,OFF,XXD
2020-05-27,OFF,XXD
2020-05-28,OFF,XXD
2020-05-29,OFF,XXD
2020-05-30,OFF,XXD
2020-05-31,OFF,XXD
2020-06-01,OFF,XXD
2020-06-02,OFF,XXD
2020-06-03,OFF,XXD
2020-06-04,OFF,XXD
2020-06-05,OFF,XXD
2020-06-06,OFF,XXD
2020-06-07,OFF,XXD
2020-06-08,OFF,XXD
2020-06-09,OFF,XXD
2020-06-10,OFF,XXD
2020-06-11,TRG,RCY7
2020-06-12,OFF,XX
2020-06-13,OFF,XXD
2020-06-14,OFF,XXD
2020-06-15,OFF,XXD
2020-06-16,OFF,XXD
2020-06-17,OFF,XXD
2020-06-18,OFF,XXD
2020-06-19,OFF,XXD
2020-06-20,OFF,XXD
2020-06-21,OFF,XXD
2020-06-22,OFF,XXD
2020-06-23,OFF,XXD
2020-06-24,OFF,XXD
2020-06-25,OFF,XXD
2020-06-26,SBY,S06
2020-06-27,OFF,XXD
2020-06-28,OFF,XXD
2020-06-29,OFF,XXD
2020-06-30,OFF,XXD
2020-07-01,OFF,XXD
2020-07-02,OFF,XXD
2020-07-03,OFF,XXD
2020-07-04,OFF,XXD
2020-07-05,OFF,XXD
2020-07-06,OFF,XXD
2020-07-07,OFF,XXD
2020-07-08,OFF,XXD
2020-07-09,OFF,XXD
2020-07-10,OFF,XXD
2020-07-11,OFF,XXD
2020-07-14,OFF,XXD
2020-07-15,OFF,XXD
2020-07-16,OFF,XXD
2020-07-17,OFF,XXD
2020-07-18,OFF,XXD
2020-07-19,OFF,XXD
2020-07-20,OFF,XXD
2020-07-21,OFF,XXD
2020-07-22,OFF,XXD
2020-07-23,OFF,XXD
2020-07-24,OFF,XXD
2020-07-25,OFF,XXD
2020-07-26,OFF,XXD
2020-07-27,OFF,XXD
2020-07-28,OFF,XXD
2020-07-29,OFF,XXD
2020-07-30,OFF,XXD
2020-07-31,OFF,XXD
2020-08-01,OFF,XX
2020-08-03,OFF,XX
2020-08-04,OFF,XX
2020-08-05,OFF,XX
2020-08-06,OFF,XX
2020-08-07,OFF,XX
2020-08-08,OFF,XX
2020-08-09,OFF,XX
2020-08-10,OFF,XX
2020-08-11,OFF,XX
2020-08-12,OFF,XX
2020-08-13,OFF,XX
2020-08-14,OFF,XX
2020-08-15,OFF,XX
2020-08-16,TRG,RCY8
2020-08-17,OFF,XX
2020-08-18,OFF,XX
2020-08-19,OFF,XX
2020-08-20,OFF,XX
2020-08-21,OFF,XX
2020-08-22,OFF,XX
2020-08-23,OFF,XX
2020-08-24,OFF,XX
2020-08-25,OFF,XX
2020-08-26,OFF,XX
2020-08-27,LVE,LV
2020-08-28,LVE,LV
2020-08-29,LVE,LV
2020-08-30,LVE,LV
2020-08-31,LVE,LV
2020-09-01,LVE,ULWA
2020-09-02,LVE,ULWA
2020-09-03,LVE,ULWA
2020-09-04,LVE,ULWA
2020-09-05,LVE,ULWA
2020-09-06,LVE,ULWA
2020-09-07,LVE,ULWA
2020-09-08,LVE,ULWA
2020-09-09,LVE,ULWA
2020-09-10,LVE,ULWA
2020-09-11,LVE,ULWA
2020-09-12,LVE,ULWA
2020-09-13,LVE,ULWA
2020-09-14,LVE,ULWA
2020-09-15,LVE,ULWA
2020-09-16,LVE,ULWA
2020-09-17,LVE,ULWA
2020-09-18,LVE,ULWA
2020-09-19,LVE,ULWA
2020-09-20,LVE,ULWA
2020-09-21,LVE,ULWA
2020-09-22,LVE,ULWA
2020-09-23,LVE,ULWA
2020-09-24,LVE,ULWA
2020-09-25,LVE,ULWA
2020-09-26,LVE,ULWA
2020-09-27,LVE,ULWA
2020-09-28,LVE,ULWA
2020-09-29,LVE,ULWA
2020-09-30,LVE,ULWA
2020-10-01,OFF,XX
2020-10-02,OFF,XX
2020-10-03,OFF,XX
2020-10-04,SCK,SK
2020-10-05,SCK,SK
2020-10-06,SCK,SK
2020-10-07,SCK,SK
2020-10-08,SCK,SK
2020-10-09,SCK,SK
2020-10-10,SCK,SK
2020-10-11,SCK,SK
2020-10-12,SCK,SK
2020-10-13,SCK,SK
2020-10-14,SCK,SK
2020-10-15,SCK,SK
2020-10-16,SCK,SK
2020-10-17,SCK,SK
2020-10-18,SCK,SK
2020-10-19,OFF,XX
2020-10-20,OFF,XX
2020-10-23,OFF,XX
2020-10-24,REST,REST
2020-10-28,OFF,XX
2020-10-29,OFF,XX
2020-11-02,LVE,LV
2020-11-03,LVE,LV
2020-11-04,LVE,LV
2020-11-05,LVE,LV
2020-11-06,LVE,LV
2020-11-07,LVE,LV
2020-11-08,LVE,LV
2020-11-09,LVE,LV
2020-11-10,LVE,LV
2020-11-11,LVE,LV
2020-11-12,LVE,LV
2020-11-13,LVE,LV
2020-11-14,LVE,LV
2020-11-15,LVE,LV
2020-11-16,LVE,LV
2020-11-17,LVE,LV
2020-11-18,LVE,LV
2020-11-19,LVE,LV
2020-11-20,LVE,LV
2020-11-21,LVE,LV
2020-11-22,LVE,LV
2020-11-23,LVE,LV
2020-11-24,LVE,LV
2020-11-25,LVE,LV
2020-11-26,LVE,LV
2020-11-27,LVE,LV
2020-11-28,OFF,XX
2020-11-29,REST,REST
2020-12-06,OFF,XX
2020-12-07,OFF,XX
2020-12-08,OFF,XX
2020-12-09,OFF,XX
2020-12-10,OFF,XX
2020-12-11,OFF,XX
2020-12-12,OFF,XX
2020-12-13,OFF,XX
2020-12-14,OFF,XX
2020-12-15,REST,REST
2020-12-19,OFF,XX
2020-12-20,OFF,XX
2020-12-25,OFF,XX
2020-12-26,OFF,XX
